流水號,課號
30397,CHIN2032
54644,CHIN2036
44712,CHIN5076
10471,CHIN2002
35134,CHIN2004
47050,CHIN2238
21858,FL3202
30182,FL4132
51770,FL2014
49392,FL2014
42419,FL2008
42726,FL2008
37731,FL2004
32958,FL2006
47853,FL2010
50459,FL2010
13834,FL2010
26279,FL2012
10736,FL2012
17172,FL2012
21385,FL2012
21292,FL2204
48365,FL3204
57419,FL4082
45764,FL4138
50703,LIS2018
30618,LIS5100
33544,JpnL2012
43836,JpnL2014
13355,JpnL4035
51368,JpnL4035
11211,Thea1010
20789,Thea1004
17175,Thea1006
30270,Thea2024
28661,Thea1408
26163,Thea1135
45532,Thea5622
15753,Anth8001
12971,TCSL7202
46600,PTCSL7909
22292,TCSL7246
39087,TCSL7246
12002,TCSL7246
46413,GPTI7105
54959,Chem3040
15840,Chem3040
19829,Chem3040
46252,Chem3040
42528,Chem3040
49090,Chem3040
47861,Chem3040
55738,Chem3040
52785,Chem3040
17356,Chem3040
48137,Chem3040
53470,Chem3040
15788,Chem3040
34775,Chem4008
50554,Chem4008
53527,Chem4008
17302,Chem4008
36171,Chem4008
55782,Chem4008
59623,Chem4008
16284,Chem4008
10840,Chem4008
45363,Chem4008
40271,Chem4008
11755,Chem4008
39843,Chem4008
48115,Chem4008
16751,Chem4008
36194,Chem4008
26424,Chem4008
34359,Chem4008
27582,Chem4010
41913,Chem4010
29430,Chem4010
20523,Chem4010
39290,Chem4010
53935,Chem4010
11166,Chem4010
39008,Chem4010
53552,Chem4010
44522,Chem4010
42746,Chem4010
41533,Chem4010
34657,Chem4010
32177,Chem4010
21115,Chem4010
13898,Chem4010
16542,Chem4010
56289,Chem4010
54526,Chem4010
46975,Chem4010
46229,Chem4010
23557,Chem4010
,
10534,Geo2013
29394,Geo1008
50239,Geo2008
13490,Geo2008
29856,Geo2008
26285,Geo2008
34721,Geo2008
41054,Geo2008
30105,Geo2008
10065,Geo2008
52516,Geo2008
30706,Geo2008
24770,Geo2008
37650,Geo2008
40573,MATH4008
34624,Geog2002
11027,Geog2015
40222,Geog2017
16365,Geog3024
41151,Phys8061
38173,Phys7001
28224,EE4049
50802,Phys7001
16354,Phys7001
42926,Phys7001
20073,Phys7001
26199,Chem8000
29311,Chem8000
42734,Chem8000
24212,Chem8000
13753,Chem8000
18270,Chem8000
53183,Chem8000
49798,Chem8000
30429,Chem8000
14577,Chem7002
13164,Chem7002
56400,Chem7002
13860,Chem8002
40878,Chem8002
13912,Chem8002
28183,Chem8002
29412,Chem8002
33033,Chem8002
28634,Chem8002
42113,Chem8002
27950,Chem8002
22558,Chem8002
58442,Chem8002
45626,Chem8054
48999,Chem8052
35797,Ocean5103
22328,IPCS8007
26850,IPCS8007
58132,IPCS8007
42020,IPCS8007
11723,IPCS8007
31301,IPCS8007
46843,IPCS8007
36841,IPCS8007
29233,PS1032
17166,PS1032
51115,PS1032
47294,ECON1021
32839,ECON5168
39141,ECON5164
45718,ECON5174
23128,SW1005
32256,SW1006
14976,SW1007
23840,SW2022
40209,SW5030
18060,PS7033
45405,PS7041
23688,PS7501
27337,GIPA5006
49615,ECON7217
15129,SW7029
14093,SW7041
28077,Chem2035
25161,IMP5007
27888,Med4030
54859,Med4007
50127,Med6001
56876,Med6002
37332,Dent5025
25793,PHARM2011
10326,PHARM2007
25433,PHARM3025
46390,PHARM4035
51301,PHARM5046
15730,PHARM5048
13588,PHARM5049
41613,PHARM5083
51478,PHARM5064
29863,PHARM5064
59410,MD&PH5024
30410,CliLab5121
23545,CliLab5124
15323,CliLab5134
48204,NURSE2004
47105,PT4031
26651,PT4032
11134,PT4034
33525,PT4049
13018,OT5057
23022,OT4017
41109,OT5024
18285,OT3033
55667,OT3017
52485,OT3018
45882,OT3036
13681,OT3040
12262,OT4020
59109,MD&PH5080
40039,md&ph5017
38905,md&ph5070
58040,md&ph5068
12594,CDent7014
46638,CDent7107
45745,CDent7082
57500,CDent7193
18319,CDent7126
55998,CDent7130
30921,CDent7134
10232,CDent8007
46769,CDent8013
28656,PHARM8002
13664,NURSE8009
13772,NURSE8009
20297,PT8019
31772,PT8019
58408,PT8020
17783,PT8020
56012,PT8020
46747,PT8021
42898,PT8021
56520,PT8021
42268,PT8022
51731,PT8022
39768,PT8022
51941,PT8023
14588,PT8023
29799,PT8025
34011,PT8025
14804,PT8025
33037,PT8025
52342,PT8026
58120,PT8026
54738,PT8026
42688,PT8027
29688,PT8027
31962,PT8028
40512,PT8029
26792,PT8029
50822,PT8029
18985,PT8029
12816,PT8031
24966,PT8032
57920,PT8033
34145,PT8034
10869,PT8035
25415,PT7001
12352,PT7001
27976,PT7001
53950,PT7002
16795,PT7002
13087,PT7002
51148,PT7003
36026,PT7003
36711,PT7003
57181,PT7005
56521,PT7006
59832,PT7007
48534,PT7008
34974,PT7113
20537,PT7104
13248,PT7104
36308,PT7104
38654,PT7105
44570,PT7105
13911,PT7105
51191,PT7100
49613,PT7100
33551,PT7100
33767,PT7100
12744,PT7101
48533,OT7023
17273,OT7023
59589,OT7023
10466,OT7023
31971,OT7023
58057,OT7025
59771,OT7025
59615,OT7025
44751,OT7025
36287,OT7025
37398,OT7027
10013,OT7027
56442,OT7027
34270,OT7027
50451,OT7027
38750,OT7027
41231,OT7027
55154,OT7027
51261,OT7029
58140,OT7029
58426,OT7029
55608,OT7029
22884,OT7029
10062,OT7029
45240,OT7029
32376,OT7029
45287,OT8012
54631,OT8012
41287,OT8012
46172,OT8012
45790,OT8012
23346,OT8012
44720,OT8003
58800,OT8003
50102,OT8003
32000,OT8003
27892,OT8003
17331,OT8003
54908,OT8003
56519,OT8003
31620,OT8005
50732,OT8005
19874,OT8005
19067,OT8005
36146,OT8005
41321,OT8005
36221,OT8007
10123,OT8007
44878,OT8007
15074,OT8007
38852,OT8008
36386,OT8008
33303,OT8008
28787,OT8008
30084,OT8008
11966,Physio8043
58908,Physio7017
42521,Physio5004
49769,Microb7073
14603,Microb7071
34700,Anat7004
38850,Anat7016
10306,MolMed8006
14540,CliPhm7025
52695,GIBMS7001
35195,GIBMS7110
14390,GIBMS7111
59474,GIBMS7010
22137,GIBMS7113
42094,GIBMS7114
13315,GIBMS7015
14161,GIBMS7017
55375,GIBMS7019
29022,Genom7003
26061,Genom7005
27683,Genom7007
14598,Genom7008
38162,Genom7009
14080,Genom7010
23596,Genom7012
19297,MCB7010
15852,MDI8017
55785,MDI7026
43171,MDI8024
46734,AniSci7022
51702,FOOD7407
11452,CIE2009
27975,CIE5087
39613,CIE5104
51768,Phys1007
48890,ME2009
13616,ME2008
23564,ESOE3003
58389,ME5105
22818,ME5105
44113,ME5105
58659,ME5105
14800,ME5105
58220,ME5105
52633,ME5105
56923,ME5105
37909,ME5105
43806,ME5105
55940,ME5105
49162,ME5105
40881,ME5105
35768,ME5105
43620,ME5105
17364,ME5105
33648,ME5247
46432,ME5248
46029,ME5297
45178,ChemE4002
10878,ChemE4002
45077,ChemE4002
24573,ChemE4002
28747,ChemE4002
44996,ChemE4002
44256,ChemE4002
28075,ChemE4002
52652,ChemE4002
13011,ChemE4002
29497,ChemE4002
35643,ESOE2031
57895,ESOE8002
51323,ESOE8002
56969,ESOE8002
26032,ESOE8002
34972,ESOE8002
32862,ESOE8002
46246,MSE5008
44388,MSE5008
42856,MSE5008
18795,MSE5008
44234,MSE5008
59684,MSE5008
32205,DBME4001
12126,MSE5010
46693,MSE5010
14459,MSE5010
15934,MSE5010
44048,MSE5010
11632,MSE5010
12263,MSE5010
11591,MSE5010
52967,MSE5010
39048,DBME1005
44168,DBME5001
47234,CIE7211
42998,CIE7113
21553,ME7105
35574,ME8005
54373,ME8005
36457,ME8005
10404,ME8005
13967,ME8005
29656,ME8005
28485,ME8005
20363,ME8005
33874,ME8005
18566,ME8005
37020,ME8005
43478,ME8005
38537,ME8005
22829,ChemE8001
19511,ChemE8001
34161,ChemE8001
32628,ChemE8001
57068,ChemE8001
24917,ChemE7025
33894,PSE7024
36542,ChemE7025
46007,ChemE7025
52940,ChemE7025
32509,ChemE7025
12671,ChemE7027
25678,ChemE7027
18474,ChemE7027
19611,MSE8001
42187,MSE8001
45403,MSE8001
59415,MSE8001
19802,MSE8001
47922,MSE7001
26276,MSE7001
59338,MSE7001
43236,MSE7042
35624,DBME7002
14445,DBME7002
23134,DBME7002
26064,DBME7002
42793,DBME7002
53458,DBME5030
26093,DBME5036
31934,DBME8001
59649,AM7003
29751,AM7003
16700,AM7021
51204,DS5639
21593,IE8001
36962,IE7004
22673,IE7004
48718,IE7004
35075,PSE8004
45919,Chem2035
43221,LS1019
24737,Agron4014
34614,Agron4014
34227,Agron4014
29923,Agron4014
10853,Agron4014
33774,Agron4014
17673,Agron4014
40360,Agron4014
45999,Agron4014
19644,Agron4014
29946,Agron4014
17435,Agron4014
39238,Agron4014
19310,BSE4002
49395,BSE4002
53098,BSE4002
54666,BSE4002
32893,AC4013
21049,AC4013
24767,AC4013
15154,AC4013
27071,AC4013
15279,AC4013
56865,AC4013
33087,LS1018
33136,Forest3039
18569,AniSci3006
26526,AniSci4018
50936,AniSci4018
35746,AniSci4018
46261,AniSci4018
38407,AniSci4018
43522,AniSci4018
30310,AniSci4018
30848,AniSci4018
11808,AniSci4018
24288,AniSci4018
38031,AniSci4018
25883,AniSci4020
26282,AniSci4020
16600,AniSci4020
36183,AniSci4020
58765,AniSci4020
53036,AniSci4020
20590,AniSci4020
15981,AniSci4020
19793,AniSci4020
50197,AniSci4020
48187,AniSci4020
39438,AniSci5036
18219,AGEC5035
17201,AGEC5035
53798,HORT3032
40093,HORT3032
25992,HORT3032
23131,HORT3032
22330,HORT3032
16294,HORT3032
21556,HORT3032
31112,HORT3034
57560,HORT3034
16726,HORT3034
52858,HORT3034
40111,HORT3034
59554,HORT3034
32482,HORT3034
37448,HORT3034
49863,HORT3034
43753,HORT3034
21752,HORT3034
15598,HORT3032
53348,HORT3034
55941,HORT3034
40946,HORT3034
31382,HORT4014
13367,HORT4014
33999,HORT4014
42693,HORT4014
58059,HORT4014
42824,HORT4014
26803,HORT4014
30324,HORT4014
59428,HORT4014
18299,HORT4014
12026,HORT4014
26872,HORT4014
22420,HORT4014
16270,HORT4014
51003,HORT4014
12434,HORT4014
57283,HORT5070
54329,VM4018
17700,VM4018
53201,VM4018
19971,VM4018
28300,VM4018
30010,VM4018
13413,VM4018
18879,VM4018
11423,VM4018
11831,VM4018
45765,VM4018
33093,VM4018
33876,VM4018
26388,VM4018
26489,VM5111
14382,VM5035
51881,VM5100
29733,MCP5009
51118,BICD4017
27917,BICD4017
30259,BICD4017
40088,BICD4017
37024,BICD8011
43212,BICD4017
21127,BICD4017
17657,BICD4017
34591,BICD4017
15134,BICD4017
15412,BICD6001
44560,BME4201
36267,BME4201
58216,BME4201
36015,BME4201
28888,ENT3011
49636,ENT3007
37549,ENT4010
56513,ENT4010
41761,ENT4010
27661,ENT4010
26390,ENT5067
50164,PPM5010
32241,PPM5010
53398,PPM5010
11007,PPM5010
54178,PPM5010
55744,PPM5076
59859,Agron8001
22696,Agron8001
26490,Agron8001
48790,Agron8001
56585,Agron8001
35712,Agron8001
38903,Agron8001
17318,Agron8001
52523,Agron8001
21309,Agron8001
54961,Agron8001
20159,Agron8001
25282,Agron8001
26336,Agron8001
21272,BSE7003
28958,BSE7003
47599,BSE7003
43436,AC8005
38720,AC8005
40980,AC8005
57914,AC8005
44326,AC8005
14802,AC8005
14303,AC8005
56997,Forest8000
26496,Forest7001
52369,Forest7001
22312,Forest7001
56406,Forest7001
48902,Forest7076
45761,Forest7077
30894,Forest7079
10979,AniSci8002
41859,AniSci7001
19656,AniSci7001
43305,AniSci7001
46133,AniSci8002
31060,AniSci7001
10884,AniSci7001
27296,AniSci8002
22738,AniSci7001
49905,AniSci7001
43597,AniSci7001
37912,AniSci7024
54831,ATGS7210
54202,AniSci7008
55901,AniSci8019
10814,AGEC7070
13617,AGEC7070
24885,AGEC7070
42899,AGEC7070
10329,AGEC7070
10137,HORT7014
17115,HORT8022
54537,HORT8022
56701,HORT8022
44262,HORT8022
58370,HORT8022
40045,HORT8022
22551,HORT8022
29350,HORT8022
20803,HORT8022
38468,HORT8022
54752,HORT8022
18170,HORT8022
58900,HORT8022
10392,HORT8022
15424,HORT7016
50183,HORT8024
19474,HORT8024
21844,HORT8024
26397,HORT8024
27797,HORT8024
21677,HORT8024
19902,HORT8024
52033,HORT8024
15408,HORT8024
34016,HORT8024
18413,HORT8024
21551,HORT8024
19273,HORT8024
38289,HORT8001
25818,HORT8002
28237,HORT7005
55748,VM8006
43616,VM8006
14271,VM8006
56788,VM8006
37208,VM8006
45133,VM8006
14702,VM8006
27554,VM8006
27735,VM8006
17570,VM8006
36768,VM8006
26514,VM8006
29330,VM8006
30059,VM8008
25688,VM8008
20274,VM8008
13113,VM8008
19482,VM7008
41643,VM8008
17699,VM8008
11272,VM8008
38753,VM8008
10349,VM7008
23107,VM8008
22548,VM8008
37800,VM7093
32313,VM8006
54339,VM8006
12898,VM8006
53920,VM8006
43930,VM8006
30491,VM8006
15388,VM8006
41051,VM8006
15344,VM8006
55566,VM8006
21344,VM8006
58167,VM8008
38566,BICD8011
30080,BICD7150
47545,BICD5083
54478,BME4201
32736,BME4201
43166,BME4201
39937,BME4201
29934,BME8403
54826,PPM7014
52196,PPM7014
11001,FOOD8003
32510,FOOD8003
11998,FOOD8003
10560,FOOD8003
51522,FOOD8003
19389,FOOD8003
12517,FOOD5310
51560,FOOD5311
49404,FOOD8005
53094,FOOD8005
16682,FOOD8005
21180,FOOD8005
33027,FOOD8502
48097,FOOD8502
19640,FOOD8502
18311,FOOD8502
49043,FOOD8502
47449,FOOD8502
44353,BST5022
13243,Biot8024
25878,VM8006
10142,VM8006
52397,VM8008
10536,VCS7004
34077,MCP7009
52198,VM8008
36447,VM8008
30373,MGT5001
48379,MBA5082
30020,IM5047
36816,MBA5075
42827,Fin5070
16451,IB2013
15445,IM3009
41611,IM3009
39738,IM3009
10343,IM3009
39698,IM3009
10787,IM3009
20949,IM3009
24050,IM3009
55970,IM3006
15680,IM5027
13482,IM5028
35360,Acc7015
15087,IB8025
57645,IM7009
49262,IM5060
31917,PH3045
30506,HPM5030
50300,HBCS5006
38383,PH4008
56723,MGH7023
40888,HPM7087
18750,HPM7084
24006,HPM7086
17239,HPM7101
10657,HPM7104
22082,HPM8006
35655,HPM8006
38691,HPM8006
59707,HPM8006
45995,HPM8006
40090,HPM8006
10665,HPM8006
46122,HPM8006
50240,HPM8006
56230,HPM8006
33784,EPM7168
41981,EPM7169
14484,EPM7162
56364,EOHS7043
47120,EOHS7061
34068,EOHS7062
43122,EOHS5004
35690,MGH7005
14771,EE2004
58016,EE2023
24066,EE2023
56694,EE2025
40936,EE3004
40718,EE3004
13116,EE3004
37645,EE3004
16765,EE3002
39079,EE3006
11525,EE2027
20933,EE3007
24585,EE3009
43042,EE4041
49220,EE4043
29785,EE4049
33725,EE4049
56473,EE4049
17314,EE4049
18204,EE4049
29227,EE4049
53383,EE4049
41606,EE4049
37346,EE4049
44304,EE4049
27991,EE4049
27672,EE4049
41390,EE4049
23208,EE4049
48233,EE4049
45840,EE4049
46893,EE4049
40240,EE4049
29691,EE4049
12814,EE4049
54751,EE4049
16382,EE4049
34308,EE4049
17618,EE4049
18899,EE4049
46568,EE4049
57942,EE4049
47940,EE4049
18668,EE4049
11489,EE4049
38442,EE4049
13821,EE4049
28720,EE4049
29153,EE4049
56176,EE4049
36246,EE4049
14149,EE4049
58632,EE4049
49574,EE4049
52835,EE4049
52257,EE4049
52935,EE4049
50143,EE4049
39440,EE4049
47817,EE4049
33461,EEE7002
25262,CSIE3512
13765,CSIE3512
27690,CSIE3512
23732,CSIE3512
40329,CSIE3512
44630,CSIE3512
45267,CSIE1923
31229,EE8001
17900,EE8001
14644,EE5094
22572,OE5025
31332,OE5034
16261,EEE5055
41481,EEE5056
37392,CSIE3512
21716,CSIE3512
55440,CSIE8990
14601,CSIE3512
37150,CSIE7008
36426,CSIE7190
13444,CSIE7645
10958,OE8002
55851,OE8002
10420,OE8002
56634,EEE8002
37660,EEE8002
21857,EE3040
33283,Data8002
13623,Data8002
54031,Data8002
29099,Data8002
32885,CSIE7010
24647,LAW4011
26791,LAW4012
53252,LAW3186
50542,LAW4282
19661,LAW3402
40947,LAW4116
13646,LAW5393
33582,LAW5325
11462,LAW7037
36859,LAW7349
18294,LAW7350
44542,LAW7193
23272,LAW7194
26029,LAW5242
51930,LAW7327
32070,LAW7328
17770,LAW7024
58613,LAW7468
45388,LawILS7008
19347,LAW7422
1027,CHIN8013
1026,CHIN8013
3008,FL1008
3018,FL1008
16110,PS4644
27618,Soc1027
34380,MD&PH5007
44050,MD&PH5007
32910,MD&PH5078
36124,CSIE1928
34693,FL2014
24127,FL2014
52906,FL2016
17821,JpnL2018
44944,JpnL3048
47818,JpnL3048
51282,JpnL3048
24018,JpnL3048
46255,Agron1013
97020,PE5002
97093,PE2080
97172,PE5006
97123,PE2100
97173,PE5008
